experiment,test_source,feature_type,model_type,model,f1,mcc,roc,pr,bal_acc,acc,best_params,train_samples,test_samples,anomaly_rate
Apache_bert,Apache,bert,supervised,nb,0.6415954415954416,0.4828607929944648,0.9587960166272915,0.9482096824718583,0.7606537276832441,0.6855,{'var_smoothing': 1e-09},10000,2000,0.2975
Apache_bert,Apache,bert,supervised,lr,0.9898132427843803,0.9856643101758447,0.9909853763569485,0.9895926868123296,0.9899159663865547,0.994,"{'C': 1.0, 'penalty': 'l2', 'solver': 'lbfgs'}",10000,2000,0.2975
Apache_bert,Apache,bert,supervised,knn,0.45334370139968894,-0.05290604958872485,0.7243966625796227,0.7129435562360708,0.4938305571338856,0.297,"{'n_neighbors': 3, 'weights': 'distance'}",10000,2000,0.2975
Apache_bert,Apache,bert,supervised,svm,0.5894006934125805,0.41388202739459934,0.9660575974161908,0.9619259897650472,0.704982206405694,0.5855,"{'C': 1, 'gamma': 'scale', 'kernel': 'rbf'}",10000,2000,0.2975
Apache_bert,Apache,bert,supervised,dt,0.24742268041237114,0.1606945141012973,0.5478895899997009,0.502822372631326,0.5504231585872783,0.708,"{'max_depth': 10, 'min_samples_split': 2}",10000,2000,0.2975
Apache_bert,Apache,bert,supervised,rf,0.09032258064516129,-0.16888741789460818,0.48312928018182366,0.26970291252658857,0.43102365501360684,0.577,"{'max_depth': 10, 'min_samples_split': 2, 'n_estimators': 100}",10000,2000,0.2975
Apache_bert,Apache,bert,supervised,gb,0.22652757078986588,0.3054104842074011,0.9922210592422023,0.9755732714251784,0.5638655462184874,0.7405,"{'learning_rate': 0.1, 'max_depth': 5, 'n_estimators': 50}",10000,2000,0.2975
Apache_bert,Apache,bert,supervised,xgb,0.0949367088607595,0.1541538848555861,0.978589072639732,0.8770425674006548,0.5227189808307665,0.714,"{'learning_rate': 0.1, 'max_depth': 5, 'n_estimators': 50}",10000,2000,0.2975
Apache_bert,Apache,bert,unsupervised,iso,0.0,0.0,0.06143245910463829,0.16896094900538552,0.5,0.7025,N/A,10000,2000,0.2975
Apache_bert,Apache,bert,unsupervised,ocsvm,0.054474708171206226,-0.9333595035989558,0.06532252758754747,0.16979983627517625,0.047058823529411764,0.028,N/A,10000,2000,0.2975
Apache_bert,Apache,bert,unsupervised,lof,0.45857418111753373,0.0,0.3787027124016866,0.23938631967367957,0.5,0.2975,N/A,10000,2000,0.2975
Apache_hybrid,Apache,hybrid,supervised,nb,0.13771517996870108,0.23047381583870286,0.9936349771225216,0.9657266733842392,0.5369747899159664,0.7245,{'var_smoothing': 1e-09},10000,2000,0.2975
Apache_hybrid,Apache,hybrid,supervised,lr,0.5789473684210527,0.3874970512143078,0.9775100930051737,0.9711440016171207,0.6924070695894016,0.576,"{'C': 0.1, 'penalty': 'l2', 'solver': 'lbfgs'}",10000,2000,0.2975
Apache_hybrid,Apache,hybrid,supervised,knn,0.031496062992125984,-0.9618458878801492,0.0,0.15188879832119173,0.02689075630252101,0.016,"{'n_neighbors': 3, 'weights': 'distance'}",10000,2000,0.2975
Apache_hybrid,Apache,hybrid,supervised,svm,0.4332158245201723,-0.22505982701171495,0.3866933819791261,0.24236770802733254,0.4647058823529412,0.2765,"{'C': 1, 'gamma': 'scale', 'kernel': 'rbf'}",10000,2000,0.2975
Apache_hybrid,Apache,hybrid,supervised,dt,0.04103967168262654,-0.11061126058420048,0.3903956458028051,0.21109936896788287,0.46954454379616617,0.6495,"{'max_depth': 10, 'min_samples_split': 2}",10000,2000,0.2975
Apache_hybrid,Apache,hybrid,supervised,rf,0.0408738548273432,-0.4802874417061448,0.16474535721762013,0.17907321866302686,0.24145159843296748,0.3195,"{'max_depth': 10, 'min_samples_split': 2, 'n_estimators': 100}",10000,2000,0.2975
Apache_hybrid,Apache,hybrid,supervised,gb,0.23668639053254437,0.31015914025159846,0.9294620054427465,0.7953003253116336,0.5668710188701815,0.742,"{'learning_rate': 0.1, 'max_depth': 5, 'n_estimators': 50}",10000,2000,0.2975
Apache_hybrid,Apache,hybrid,supervised,xgb,0.10122699386503067,0.10544635465432063,0.94586919465295,0.7281082226777406,0.5191901671700708,0.707,"{'learning_rate': 0.1, 'max_depth': 5, 'n_estimators': 50}",10000,2000,0.2975
Apache_hybrid,Apache,hybrid,unsupervised,iso,0.0,0.0,0.028826220879811005,0.1634507793811737,0.5,0.7025,N/A,10000,2000,0.2975
Apache_hybrid,Apache,hybrid,unsupervised,ocsvm,0.0546875,-0.9232165648740597,0.07888274170878316,0.17830459107558383,0.04990579861837974,0.032,N/A,10000,2000,0.2975
Apache_hybrid,Apache,hybrid,unsupervised,lof,0.45857418111753373,0.0,0.6167983492329316,0.35944675912138174,0.5,0.2975,N/A,10000,2000,0.2975
BGL_bert,BGL,bert,supervised,nb,0.3801317790167258,0.05355808248508361,0.4038087933539193,0.7402221527323976,0.5262809937163698,0.3885,{'var_smoothing': 1e-09},10000,2000,0.7495
BGL_bert,BGL,bert,supervised,lr,0.4897595725734639,-0.023560122703593214,0.436061832306035,0.7610851404398202,0.48684885066424854,0.427,"{'C': 1.0, 'penalty': 'l2', 'solver': 'lbfgs'}",10000,2000,0.7495
BGL_bert,BGL,bert,supervised,knn,0.5861613045394447,0.20841412772917195,0.6194009579240451,0.8220700571780393,0.6170241238670091,0.5305,"{'n_neighbors': 3, 'weights': 'distance'}",10000,2000,0.7495
BGL_bert,BGL,bert,supervised,svm,0.48136217211228716,0.043544210254701496,0.5270379854034426,0.7858281303510212,0.5237510302943147,0.4365,"{'C': 1, 'gamma': 'scale', 'kernel': 'rbf'}",10000,2000,0.7495
BGL_bert,BGL,bert,supervised,dt,0.6928953399541635,0.15877730467742351,0.5471245634148647,0.8414301729635946,0.590958177041514,0.598,"{'max_depth': 10, 'min_samples_split': 2}",10000,2000,0.7495
BGL_bert,BGL,bert,supervised,rf,0.47014218009478675,0.09533580119509255,0.5667251221373131,0.8158039322646957,0.5506731700042211,0.441,"{'max_depth': 10, 'min_samples_split': 2, 'n_estimators': 50}",10000,2000,0.7495
BGL_bert,BGL,bert,supervised,gb,0.5051871898962562,0.052581669568339665,0.5299074965479316,0.8009604159983572,0.5291065633908967,0.4515,"{'learning_rate': 0.1, 'max_depth': 3, 'n_estimators': 50}",10000,2000,0.7495
BGL_bert,BGL,bert,supervised,xgb,0.5456081081081081,-0.012374089363834348,0.5303655530832931,0.7650638277594792,0.49292209443687673,0.462,"{'learning_rate': 0.1, 'max_depth': 5, 'n_estimators': 50}",10000,2000,0.7495
BGL_bert,BGL,bert,unsupervised,iso,0.7784090909090909,0.2650140221675754,0.6267931115753815,0.8049069203380972,0.6450181691320495,0.688,N/A,10000,2000,0.7495
BGL_bert,BGL,bert,unsupervised,ocsvm,0.8526499708794408,0.08926642088130404,0.6590235140126685,0.818571878896629,0.5182656701273903,0.747,N/A,10000,2000,0.7495
BGL_bert,BGL,bert,unsupervised,lof,0.8566523605150215,0.025776894464101627,0.5262417127053431,0.788799962731898,0.5013288965764269,0.7495,N/A,10000,2000,0.7495
BGL_hybrid,BGL,hybrid,supervised,nb,0.3473684210526316,0.08488023447594789,0.6587532073944173,0.8342380800725323,0.5392150988217028,0.38,{'var_smoothing': 1e-09},10000,2000,0.7495
BGL_hybrid,BGL,hybrid,supervised,lr,0.48517042939353694,-0.051398254112523724,0.40116564735771953,0.747747847200005,0.47121167937640396,0.4185,"{'C': 0.1, 'penalty': 'l2', 'solver': 'lbfgs'}",10000,2000,0.7495
BGL_hybrid,BGL,hybrid,supervised,knn,0.33031218529707956,-0.09949571653971359,0.37435202976302234,0.6971476526611633,0.4507236361166926,0.335,"{'n_neighbors': 3, 'weights': 'distance'}",10000,2000,0.7495
BGL_hybrid,BGL,hybrid,supervised,svm,0.4184938036224976,-0.02506817636668637,0.3976663084771085,0.7569494092191431,0.486750315246758,0.39,"{'C': 1, 'gamma': 'scale', 'kernel': 'rbf'}",10000,2000,0.7495
BGL_hybrid,BGL,hybrid,supervised,dt,0.6453846153846153,0.03201338756522257,0.46851061053343607,0.8104589378773264,0.5183761895821433,0.539,"{'max_depth': 10, 'min_samples_split': 2}",10000,2000,0.7495
BGL_hybrid,BGL,hybrid,supervised,rf,0.4160873882820258,0.08710761178322123,0.5701685355106998,0.8112943251083208,0.5439514566597292,0.412,"{'max_depth': 10, 'min_samples_split': 2, 'n_estimators': 100}",10000,2000,0.7495
BGL_hybrid,BGL,hybrid,supervised,gb,0.49687778768956287,0.0002901513185665956,0.5220060213129445,0.794943665652268,0.5001617845030419,0.436,"{'learning_rate': 0.1, 'max_depth': 3, 'n_estimators': 50}",10000,2000,0.7495
BGL_hybrid,BGL,hybrid,supervised,xgb,0.5408207343412527,0.033829305775180805,0.5733975677730596,0.7891350052605614,0.519185112097353,0.4685,"{'learning_rate': 0.1, 'max_depth': 5, 'n_estimators': 50}",10000,2000,0.7495
BGL_hybrid,BGL,hybrid,unsupervised,iso,0.6268102487931675,-0.1197523405756357,0.4111669922330123,0.7210435348301566,0.43221961680375076,0.4975,N/A,10000,2000,0.7495
BGL_hybrid,BGL,hybrid,unsupervised,ocsvm,0.8324576765907764,-0.11252230479536462,0.5450340146924297,0.7713146015276602,0.47565043362241494,0.713,N/A,10000,2000,0.7495
BGL_hybrid,BGL,hybrid,unsupervised,lof,0.8622685185185185,0.1847999466299532,0.5191937672353758,0.7568706130088987,0.5309301343943201,0.762,N/A,10000,2000,0.7495
HPC_bert,HPC,bert,supervised,nb,0.2720527617477329,0.219778753647201,0.7005308498122087,0.4693569358726274,0.6847764604733246,0.5585,{'var_smoothing': 1e-09},10000,2000,0.098
HPC_bert,HPC,bert,supervised,lr,0.16105769230769232,0.016871386883931902,0.5842854880311327,0.29345963758181437,0.5132132675686683,0.651,"{'C': 1.0, 'penalty': 'l2', 'solver': 'lbfgs'}",10000,2000,0.098
HPC_bert,HPC,bert,supervised,knn,0.6,0.5561136941317352,0.8446861283315987,0.6281817258450002,0.8114054934612427,0.91,"{'n_neighbors': 3, 'weights': 'distance'}",10000,2000,0.098
HPC_bert,HPC,bert,supervised,svm,0.2071269487750557,0.08528348429603988,0.6817135390741663,0.32086391433895656,0.5684533236798046,0.644,"{'C': 1, 'gamma': 'scale', 'kernel': 'rbf'}",10000,2000,0.098
HPC_bert,HPC,bert,supervised,dt,0.14068441064638784,-0.033607968119640674,0.5092198742024525,0.2419575386229258,0.47203493370740757,0.548,"{'max_depth': 10, 'min_samples_split': 2}",10000,2000,0.098
HPC_bert,HPC,bert,supervised,rf,0.19454329774614473,0.06684293043466248,0.6548854020543916,0.21700741782138144,0.5525872211412282,0.6605,"{'max_depth': 10, 'min_samples_split': 2, 'n_estimators': 100}",10000,2000,0.098
HPC_bert,HPC,bert,supervised,gb,0.1721132897603486,0.028866069358308325,0.5685777636997149,0.11730716817554285,0.5233155346395765,0.62,"{'learning_rate': 0.1, 'max_depth': 5, 'n_estimators': 50}",10000,2000,0.098
HPC_bert,HPC,bert,supervised,xgb,0.15485278080697928,0.0011978622948834049,0.6051150504547717,0.17919496834775056,0.5009672383365763,0.6125,"{'learning_rate': 0.1, 'max_depth': 5, 'n_estimators': 50}",10000,2000,0.098
HPC_bert,HPC,bert,unsupervised,iso,0.08809135399673736,-0.057401918050321826,0.46797649214896603,0.1894419165574957,0.46078442463459884,0.7205,N/A,10000,2000,0.098
HPC_bert,HPC,bert,unsupervised,ocsvm,0.1669902912621359,-0.07129139317352995,0.47322842662563913,0.1868290052775549,0.46981763880718586,0.142,N/A,10000,2000,0.098
HPC_bert,HPC,bert,unsupervised,lof,0.17684594348222424,-0.09598591004715558,0.5426546450065615,0.16590042924097959,0.49489795918367346,0.097,N/A,10000,2000,0.098
HPC_hybrid,HPC,hybrid,supervised,nb,0.29036004645760743,0.21357540605277095,0.5884570568804017,0.22205982836523216,0.6692101452554414,0.6945,{'var_smoothing': 1e-09},10000,2000,0.098
HPC_hybrid,HPC,hybrid,supervised,lr,0.38320209973753283,0.31848902747152347,0.6773722792886556,0.24196685525426254,0.6551823611928141,0.8825,"{'C': 1.0, 'penalty': 'l2', 'solver': 'lbfgs'}",10000,2000,0.098
HPC_hybrid,HPC,hybrid,supervised,knn,0.040880503144654086,-0.1222784777370479,0.5008046178560117,0.09349075216196825,0.41481515000678765,0.695,"{'n_neighbors': 5, 'weights': 'distance'}",10000,2000,0.098
HPC_hybrid,HPC,hybrid,supervised,svm,0.3989769820971867,0.33386380517819764,0.706335693922802,0.2482115443442584,0.6665516539209919,0.8825,"{'C': 1, 'gamma': 'scale', 'kernel': 'rbf'}",10000,2000,0.098
HPC_hybrid,HPC,hybrid,supervised,dt,0.20421393841166938,0.08170988691171407,0.5673701298701299,0.27354961123920113,0.5686569528032943,0.509,"{'max_depth': 10, 'min_samples_split': 5}",10000,2000,0.098
HPC_hybrid,HPC,hybrid,supervised,rf,0.16,0.017611119902948055,0.6469551789673741,0.161735141549439,0.5135979003574822,0.664,"{'max_depth': 10, 'min_samples_split': 2, 'n_estimators': 50}",10000,2000,0.098
HPC_hybrid,HPC,hybrid,supervised,gb,0.26254002134471716,0.1754434374729832,0.5914294764468981,0.13522056515155476,0.6424894791619531,0.6545,"{'learning_rate': 0.1, 'max_depth': 5, 'n_estimators': 50}",10000,2000,0.098
HPC_hybrid,HPC,hybrid,supervised,xgb,0.21434898139946856,0.09966742416406368,0.6971610706366804,0.1774957145025265,0.5836180370152495,0.5565,"{'learning_rate': 0.1, 'max_depth': 5, 'n_estimators': 50}",10000,2000,0.098
HPC_hybrid,HPC,hybrid,unsupervised,iso,0.15440289505428226,-0.05793333353969244,0.4926976333770759,0.10118705601390565,0.4567966876329246,0.299,N/A,10000,2000,0.098
HPC_hybrid,HPC,hybrid,unsupervised,ocsvm,0.17927710843373493,0.013106095488919643,0.4628263722340377,0.20387537725185023,0.5052547626589439,0.1485,N/A,10000,2000,0.098
HPC_hybrid,HPC,hybrid,unsupervised,lof,0.19846491228070176,0.09273288764854092,0.7700829223041765,0.2752965010577116,0.5606814787999457,0.269,N/A,10000,2000,0.098
OpenSSH_bert,OpenSSH,bert,supervised,nb,0.8471337579617835,-0.08619892407020183,0.9159525847619959,0.9813566870326778,0.4747629537400632,0.736,{'var_smoothing': 1e-09},10000,2000,0.788
OpenSSH_bert,OpenSSH,bert,supervised,lr,0.957939354417998,0.8259513335786486,0.9628238435015803,0.9870529108413647,0.9401099032659707,0.9355,"{'C': 1.0, 'penalty': 'l2', 'solver': 'lbfgs'}",10000,2000,0.788
OpenSSH_bert,OpenSSH,bert,supervised,knn,0.5926188786373314,-0.36234163452383256,0.22787643065798296,0.72917665129517,0.2849583373240111,0.426,"{'n_neighbors': 3, 'weights': 'distance'}",10000,2000,0.788
OpenSSH_bert,OpenSSH,bert,supervised,svm,0.9888428434810328,0.9485238856287355,0.9903026530025859,0.9971769087432556,0.980276075088593,0.9825,"{'C': 1, 'gamma': 'scale', 'kernel': 'rbf'}",10000,2000,0.788
OpenSSH_bert,OpenSSH,bert,supervised,dt,0.6072520751419834,0.3400914101639533,0.8112062721482617,0.9513684824892242,0.6992685087635284,0.5505,"{'max_depth': 10, 'min_samples_split': 2}",10000,2000,0.788
OpenSSH_bert,OpenSSH,bert,supervised,rf,0.9148936170212766,0.724403113151552,0.9294877166938034,0.9836818167459361,0.9170098649554641,0.876,"{'max_depth': 10, 'min_samples_split': 2, 'n_estimators': 100}",10000,2000,0.788
OpenSSH_bert,OpenSSH,bert,supervised,gb,0.9160671462829736,0.7259557847603728,0.8738387127669763,0.9700854952407555,0.91709965520544,0.8775,"{'learning_rate': 0.1, 'max_depth': 5, 'n_estimators': 50}",10000,2000,0.788
OpenSSH_bert,OpenSSH,bert,supervised,xgb,0.9682695453058554,0.8734001009656253,0.9970234532132939,0.999038114035572,0.9683639019251029,0.9515,"{'learning_rate': 0.1, 'max_depth': 5, 'n_estimators': 50}",10000,2000,0.788
OpenSSH_bert,OpenSSH,bert,unsupervised,iso,0.35687732342007433,-0.5791693351740391,0.07166608801838903,0.6223512509103339,0.15002753567665933,0.2215,N/A,10000,2000,0.788
OpenSSH_bert,OpenSSH,bert,unsupervised,ocsvm,0.823042836041359,-0.13524133162387175,0.14627879274015898,0.6703046642846183,0.4513755866296332,0.7005,N/A,10000,2000,0.788
OpenSSH_bert,OpenSSH,bert,unsupervised,lof,0.7103648692282855,-0.2824778583492823,0.26516258021262334,0.7455414764630797,0.35252250742266067,0.5515,N/A,10000,2000,0.788
OpenSSH_hybrid,OpenSSH,hybrid,supervised,nb,0.38422131147540983,0.24644668084746535,0.3747994684417202,0.8134160860340229,0.6177928359352552,0.399,{'var_smoothing': 1e-09},10000,2000,0.788
OpenSSH_hybrid,OpenSSH,hybrid,supervised,lr,0.7537406483790524,-0.24314533022234058,0.5282076070299779,0.8710290073176856,0.3847452351307346,0.605,"{'C': 1.0, 'penalty': 'l2', 'solver': 'lbfgs'}",10000,2000,0.788
OpenSSH_hybrid,OpenSSH,hybrid,supervised,knn,0.44226044226044225,0.2568983693646975,0.6542663837276123,0.9182005058712874,0.632153289914759,0.4325,"{'n_neighbors': 5, 'weights': 'distance'}",10000,2000,0.788
OpenSSH_hybrid,OpenSSH,hybrid,supervised,svm,0.570611369324276,-0.4117920856960614,0.46330871085145103,0.848403688463582,0.2543518341155062,0.3995,"{'C': 1, 'gamma': 'scale', 'kernel': 'rbf'}",10000,2000,0.788
OpenSSH_hybrid,OpenSSH,hybrid,supervised,dt,0.6739495798319328,0.42028240184684734,0.8690708504932478,0.970781500176781,0.7520831337994445,0.612,"{'max_depth': 10, 'min_samples_split': 5}",10000,2000,0.788
OpenSSH_hybrid,OpenSSH,hybrid,supervised,rf,0.589904046725073,0.1493371832720965,0.49062589790249966,0.846826794531651,0.5898680681927019,0.5085,"{'max_depth': 10, 'min_samples_split': 2, 'n_estimators': 50}",10000,2000,0.788
OpenSSH_hybrid,OpenSSH,hybrid,supervised,gb,0.664654594232059,-0.3130412717858355,0.3472667847907289,0.7931110957998546,0.3250167608466622,0.5,"{'learning_rate': 0.1, 'max_depth': 5, 'n_estimators': 50}",10000,2000,0.788
OpenSSH_hybrid,OpenSSH,hybrid,supervised,xgb,0.7671978235522736,0.49266617372716803,0.9349454673881813,0.9821788679823684,0.8013420649363088,0.7005,"{'learning_rate': 0.1, 'max_depth': 5, 'n_estimators': 50}",10000,2000,0.788
OpenSSH_hybrid,OpenSSH,hybrid,unsupervised,iso,0.03749383325111001,-0.9290636824570336,0.012221949525907522,0.5831364105134005,0.025027535676659322,0.0245,N/A,10000,2000,0.788
OpenSSH_hybrid,OpenSSH,hybrid,unsupervised,ocsvm,0.8442646633920832,-0.12811443470195175,0.07471297050090987,0.6267917977604469,0.4635152284263959,0.7305,N/A,10000,2000,0.788
OpenSSH_hybrid,OpenSSH,hybrid,unsupervised,lof,0.8614595210946409,-0.0770592723028587,0.11169009194521598,0.6708542091439076,0.48291590843788906,0.757,N/A,10000,2000,0.788
Proxifier_bert,Proxifier,bert,supervised,nb,0.09300095877277086,0.016789796178503322,0.4912184234334285,0.46494450535929394,0.5028901734104047,0.054,{'var_smoothing': 1e-09},10000,2000,0.0485
Proxifier_bert,Proxifier,bert,supervised,lr,0.1318830727396329,0.15239133485734774,0.7921729661792828,0.2715145005138496,0.6644771413557541,0.3615,"{'C': 1.0, 'penalty': 'l2', 'solver': 'lbfgs'}",10000,2000,0.0485
Proxifier_bert,Proxifier,bert,supervised,knn,0.07485963817841547,-0.07038168643985783,0.4990898797882887,0.3301682407904923,0.4293519185659106,0.2585,"{'n_neighbors': 3, 'weights': 'distance'}",10000,2000,0.0485
Proxifier_bert,Proxifier,bert,supervised,svm,0.14499252615844543,0.17656371993464737,0.9999729130889372,0.9994601139836973,0.6994219653179191,0.428,"{'C': 1, 'gamma': 'scale', 'kernel': 'rbf'}",10000,2000,0.0485
Proxifier_bert,Proxifier,bert,supervised,dt,0.21176470588235294,0.20908967244437218,0.5967083985676441,0.12263938799726215,0.7104490468115997,0.7655,"{'max_depth': 10, 'min_samples_split': 2}",10000,2000,0.0485
Proxifier_bert,Proxifier,bert,supervised,rf,0.11672683513838748,0.11902931396818937,0.9875725252043708,0.8273555518370265,0.6142932212296375,0.266,"{'max_depth': 10, 'min_samples_split': 2, 'n_estimators': 100}",10000,2000,0.0485
Proxifier_bert,Proxifier,bert,supervised,gb,0.2516382699868938,0.3145881210415499,0.9376892697910515,0.565086177398073,0.8450818295583209,0.7145,"{'learning_rate': 0.1, 'max_depth': 5, 'n_estimators': 50}",10000,2000,0.0485
Proxifier_bert,Proxifier,bert,supervised,xgb,0.14586466165413534,0.17806666162372237,0.9119729564279948,0.3545696112654757,0.7015239096163952,0.432,"{'learning_rate': 0.1, 'max_depth': 5, 'n_estimators': 50}",10000,2000,0.0485
Proxifier_bert,Proxifier,bert,unsupervised,iso,0.030620467365028204,-0.171623710382585,0.19172115650275473,0.027809749501966213,0.3023522273566967,0.3985,N/A,10000,2000,0.0485
Proxifier_bert,Proxifier,bert,unsupervised,ocsvm,0.07206317867719644,-0.2585702877772143,0.27014859879409076,0.03052181579923699,0.38863758254736147,0.06,N/A,10000,2000,0.0485
Proxifier_bert,Proxifier,bert,unsupervised,lof,0.06903257170636849,-0.40000215036328185,0.10465298958237398,0.0259140622235634,0.3696577839656321,0.0425,N/A,10000,2000,0.0485
Proxifier_hybrid,Proxifier,hybrid,supervised,nb,0.11069558713537771,0.06646152863214096,0.6678494617830772,0.3792821744210494,0.575084917466182,0.4055,{'var_smoothing': 1e-09},10000,2000,0.0485
Proxifier_hybrid,Proxifier,hybrid,supervised,lr,0.1041890440386681,0.08238118776061809,0.7268610062245722,0.2604582419013456,0.5617446137677351,0.166,"{'C': 1.0, 'penalty': 'l2', 'solver': 'lbfgs'}",10000,2000,0.0485
Proxifier_hybrid,Proxifier,hybrid,supervised,knn,0.12207987942727958,0.1020993495287573,0.6241799437675726,0.4212603968897894,0.6156340233272478,0.4175,"{'n_neighbors': 3, 'weights': 'distance'}",10000,2000,0.0485
Proxifier_hybrid,Proxifier,hybrid,supervised,svm,0.09556650246305419,0.042032763801258526,0.8918094598328195,0.3591944875245657,0.5176037834997372,0.082,"{'C': 1, 'gamma': 'scale', 'kernel': 'rbf'}",10000,2000,0.0485
Proxifier_hybrid,Proxifier,hybrid,supervised,dt,0.09667194928684628,0.021227053084110048,0.41144205297116326,0.14890775146343596,0.5243646765010211,0.43,"{'max_depth': 10, 'min_samples_split': 2}",10000,2000,0.0485
Proxifier_hybrid,Proxifier,hybrid,supervised,rf,0.09280979092299847,0.005510342402325127,0.5621725869625279,0.05206374766744705,0.5032287597986901,0.1105,"{'max_depth': 10, 'min_samples_split': 2, 'n_estimators': 100}",10000,2000,0.0485
Proxifier_hybrid,Proxifier,hybrid,supervised,gb,0.1447267128560431,0.16969762523145698,0.7522197723615993,0.23779368791131247,0.6934167971352883,0.4445,"{'learning_rate': 0.1, 'max_depth': 5, 'n_estimators': 50}",10000,2000,0.0485
Proxifier_hybrid,Proxifier,hybrid,supervised,xgb,0.13360881542699724,0.1557674400950206,0.7094332876467433,0.3257756724800353,0.6694692590646347,0.371,"{'learning_rate': 0.1, 'max_depth': 5, 'n_estimators': 50}",10000,2000,0.0485
Proxifier_hybrid,Proxifier,hybrid,unsupervised,iso,0.05748663101604278,-0.1261627794947931,0.31145072078270336,0.03231411120715255,0.3653699259443851,0.295,N/A,10000,2000,0.0485
Proxifier_hybrid,Proxifier,hybrid,unsupervised,ocsvm,0.09260143198090692,0.007143050637539654,0.34255732944726447,0.034430804546324564,0.500525486074619,0.0495,N/A,10000,2000,0.0485
Proxifier_hybrid,Proxifier,hybrid,unsupervised,lof,0.07523204689789936,-0.2620099355079657,0.26447659961753284,0.030057717162729626,0.4047895076141307,0.0535,N/A,10000,2000,0.0485
Zookeeper_bert,Zookeeper,bert,supervised,nb,0.5119533527696793,0.15103373907404882,0.4790496543054682,0.6124748563149115,0.5740414833438089,0.5815,{'var_smoothing': 1e-09},10000,2000,0.4625
Zookeeper_bert,Zookeeper,bert,supervised,lr,0.4358322744599746,0.0917548419973902,0.5988967944688874,0.6719524169079069,0.5430798240100565,0.556,"{'C': 0.1, 'penalty': 'l2', 'solver': 'lbfgs'}",10000,2000,0.4625
Zookeeper_bert,Zookeeper,bert,supervised,knn,0.46511627906976744,0.04557873584107462,0.5193055939660591,0.5905514496332215,0.5225518541797611,0.5285,"{'n_neighbors': 3, 'weights': 'distance'}",10000,2000,0.4625
Zookeeper_bert,Zookeeper,bert,supervised,svm,0.6239717978848414,0.35313709445829117,0.5613174104336895,0.7060375985184826,0.6726084223758643,0.68,"{'C': 1, 'gamma': 'scale', 'kernel': 'rbf'}",10000,2000,0.4625
Zookeeper_bert,Zookeeper,bert,supervised,dt,0.25560266505148393,-0.26021327659770677,0.46964022627278446,0.4714763991391171,0.3745191703331238,0.3855,"{'max_depth': 10, 'min_samples_split': 5}",10000,2000,0.4625
Zookeeper_bert,Zookeeper,bert,supervised,rf,0.6443202979515829,0.4261425308782263,0.7015371464487744,0.6385885325897541,0.7028661219358894,0.7135,"{'max_depth': 10, 'min_samples_split': 2, 'n_estimators': 50}",10000,2000,0.4625
Zookeeper_bert,Zookeeper,bert,supervised,gb,0.4912472647702407,0.06320018980130818,0.7223130106851037,0.6664983330164067,0.5315399120050283,0.535,"{'learning_rate': 0.1, 'max_depth': 5, 'n_estimators': 50}",10000,2000,0.4625
Zookeeper_bert,Zookeeper,bert,supervised,xgb,0.6048780487804878,0.3459043360860142,0.6193176618478944,0.5912747484721823,0.666247642991829,0.676,"{'learning_rate': 0.1, 'max_depth': 5, 'n_estimators': 50}",10000,2000,0.4625
Zookeeper_bert,Zookeeper,bert,unsupervised,iso,0.004052684903748734,-0.15434287798900578,0.30186700188560656,0.33492247147869925,0.473174104336895,0.5085,N/A,10000,2000,0.4625
Zookeeper_bert,Zookeeper,bert,unsupervised,ocsvm,0.6318758815232722,0.05914968056653098,0.49027580138277815,0.5004778377608251,0.5122313010685103,0.478,N/A,10000,2000,0.4625
Zookeeper_bert,Zookeeper,bert,unsupervised,lof,0.6311447232726023,0.004502814575912108,0.5822773098680075,0.5052597481114112,0.5004022627278442,0.4635,N/A,10000,2000,0.4625
Zookeeper_hybrid,Zookeeper,hybrid,supervised,nb,0.4743729552889858,0.02937930036325804,0.5177815210559397,0.5859019137134275,0.5146700188560653,0.518,{'var_smoothing': 1e-09},10000,2000,0.4625
Zookeeper_hybrid,Zookeeper,hybrid,supervised,lr,0.6484612050281752,0.23617575585039755,0.6139625392834696,0.669321808149671,0.6094406033940918,0.5945,"{'C': 0.1, 'penalty': 'l2', 'solver': 'lbfgs'}",10000,2000,0.4625
Zookeeper_hybrid,Zookeeper,hybrid,supervised,knn,0.2573623559539053,-0.20149816556071762,0.507081332495286,0.48677505656052067,0.40585795097423005,0.42,"{'n_neighbors': 3, 'weights': 'distance'}",10000,2000,0.4625
Zookeeper_hybrid,Zookeeper,hybrid,supervised,svm,0.6685170499603489,0.26097470342589846,0.7371962287869266,0.7592301098445277,0.604978001257071,0.582,"{'C': 1, 'gamma': 'scale', 'kernel': 'rbf'}",10000,2000,0.4625
Zookeeper_hybrid,Zookeeper,hybrid,supervised,dt,0.1491749174917492,-0.35156035351263576,0.4139710873664362,0.4158193896666406,0.339220615964802,0.3555,"{'max_depth': 10, 'min_samples_split': 2}",10000,2000,0.4625
Zookeeper_hybrid,Zookeeper,hybrid,supervised,rf,0.4489372731985485,-0.062877594227479,0.6446622250157134,0.6453787294823042,0.4684726587052168,0.4685,"{'max_depth': 10, 'min_samples_split': 2, 'n_estimators': 50}",10000,2000,0.4625
Zookeeper_hybrid,Zookeeper,hybrid,supervised,gb,0.40992044922788956,-0.25150915267352725,0.49973299811439353,0.5980768377850745,0.3767567567567568,0.3695,"{'learning_rate': 0.1, 'max_depth': 5, 'n_estimators': 50}",10000,2000,0.4625
Zookeeper_hybrid,Zookeeper,hybrid,supervised,xgb,0.51414204902577,0.21485908882154411,0.5756319296040225,0.5669015243356259,0.6015461973601508,0.6135,"{'learning_rate': 0.1, 'max_depth': 5, 'n_estimators': 50}",10000,2000,0.4625
Zookeeper_hybrid,Zookeeper,hybrid,unsupervised,iso,0.07192807192807193,0.004458250766296886,0.4873091137649277,0.4613892459822416,0.5008548082966687,0.5355,N/A,10000,2000,0.4625
Zookeeper_hybrid,Zookeeper,hybrid,unsupervised,ocsvm,0.6185133239831697,-0.049397737867033345,0.48434142049025775,0.48258077059590554,0.4907102451288498,0.456,N/A,10000,2000,0.4625
Zookeeper_hybrid,Zookeeper,hybrid,unsupervised,lof,0.5886708626434654,-0.08394857608678587,0.7355524827152733,0.7341125779157163,0.47345065996228786,0.4445,N/A,10000,2000,0.4625
